<comment>Alignment with Directives Part 2 2016</comment>
<comment>WG3:UTC-013 P01-DEU-001</comment>
<para>ISO (the International Organization for Standardization) and
IEC (the International Electrotechnical Commission)
form the specialized system for worldwide standardization. 
National bodies that are members of ISO or IEC participate in
the development of International Standards through technical committees
established by the respective organization to deal with
particular fields of technical activity. 
ISO and IEC technical committees collaborate in fields of mutual interest. 
Other international organizations, governmental and non-governmental,
in liaison with ISO and IEC, also take part in the work. 
</para>

<para>The procedures used to develop this document and those intended for its further maintenance 
are described in the ISO/IEC Directives, Part 1. 
In particular, the different approval criteria needed for the different types of document should 
be noted. 
This document was drafted in accordance with the editorial rules of the ISO/IEC Directives, 
Part 2 (see <URI>https://www.iso.org/directives</URI> 
or <URI>https://www.iec.ch/members_experts/refdocs</URI>).
</para>

<para>ISO and IEC draw attention to the possibility that the implementation of this document
may involve the use of (a) patent(s).
ISO and IEC take no position concerning the evidence, validity or applicability of any claimed
patent rights in respect thereof.
As of the date of publication of this document, ISO and IEC had not received notice of (a) patent(s)
which may be required to implement this document.
However, implementers are cautioned that this may not represent the latest information, which may be
obtained from the patent database available at <URI>https://www.iso.org/patents</URI> and
<URI>https://patents.iec.ch</URI>.
ISO and IEC shall not be held responsible for identifying any or all such patent rights.
</para>

<para>Any trade name used in this document is information given
for the convenience of users and does not constitute an endorsement.
</para>

<para>For an explanation of the voluntary nature of standards, the meaning of ISO specific terms 
and expressions related to conformity assessment, as well as information about ISO<apos/>s 
adherence to the World Trade Organization (WTO) principles in the Technical Barriers to Trade 
(TBT) see <URI>https://www.iso.org/iso/foreword.html</URI>.
In the IEC, see <URI>https://www.iec.ch/understanding-standards</URI>.
</para>

<para>This document was prepared by Joint Technical Committee ISO/IEC JTC 1, 
<emph>Information technology</emph>, Subcommittee SC 32, 
<emph>Data management and interchange</emph>.
</para>
